,Unnamed: 0,Unnamed: 0.1,director,metacritic,n_votes,paper_name,rating,screenplay,source,stars
0,0.0,1.0,"
James Frawley            ",74.0,"27,575",The Muppet Movie (1979),7.6,"
        Writers:
            
Jack Burns,             
            
Jerry Juhl            
    ",http://www.imdb.com/title/tt0038286/usercomments,"
        Stars:
            
Jim Henson,             
            
Frank Oz,             
            
Jerry Nelson            
            |
See full cast & crew »
    "
1,1.0,1.0,,,"605,219",The Big Lebowski (1998),8.2,,http://www.imdb.com/title/tt0382097/usercomments,
2,2.0,1.0,,,"327,578",The Princess Bride (1987),8.1,,http://www.imdb.com/title/tt0840792/usercomments,
3,3.0,1.0,"
Andrew Davis            ",88.0,"230,570",The Fugitive (1993),7.8,"
        Writers:
            
Jeb Stuart (screenplay),             
            
David Twohy (screenplay)            
            |
2 more credits »
    ",http://www.imdb.com/title/tt0070800/usercomments,"
        Stars:
            
Harrison Ford,             
            
Tommy Lee Jones,             
            
Sela Ward            
            |
See full cast & crew »
    "
4,4.0,1.0,,,"1,368,489",The Matrix (1999),8.7,,http://www.imdb.com/title/tt0113957/usercomments,
5,5.0,1.0,,,"1,160,631",Se7en (1995),8.6,,http://www.imdb.com/title/tt0098746/usercomments,
6,6.0,1.0,"
Stuart Rosenberg            ",91.0,"133,234",Cool Hand Luke (1967),8.2,"
        Writers:
            
Donn Pearce (screenplay),             
            
Frank Pierson (screenplay) (as Frank R. Pierson)            
            |
1 more credit »
    ",http://www.imdb.com/title/tt0296712/usercomments,"
        Stars:
            
Paul Newman,             
            
George Kennedy,             
            
Strother Martin            
            |
See full cast & crew »
    "
7,7.0,1.0,,,"837,071",Back to the Future (1985),8.5,,http://www.imdb.com/title/tt0090005/usercomments,
8,8.0,1.0,"
Harold Ramis            ",72.0,"494,702",Groundhog Day (1993),8.0,"
        Writers:
            
Danny Rubin (screenplay),             
            
Harold Ramis (screenplay)            
            |
1 more credit »
    ",http://www.imdb.com/title/tt0035279/usercomments,"
        Stars:
            
Bill Murray,             
            
Andie MacDowell,             
            
Chris Elliott            
            |
See full cast & crew »
    "
9,9.0,1.0,"
Mike Judge            ",68.0,"215,324","35 heures, c'est déjà trop (1999)",7.8,"
        Writers:
            
Mike Judge (Milton animated shorts),             
            
Mike Judge (screenplay)            
    ",http://www.imdb.com/title/tt0202285/usercomments,"
        Stars:
            
Ron Livingston,             
            
Jennifer Aniston,             
            
David Herman            
            |
See full cast & crew »
    "
10,10.0,1.0,,,"1,488,180",Pulp Fiction (1994),8.9,,http://www.imdb.com/title/tt0402014/usercomments,
11,11.0,1.0,,,"1,488,180",Pulp Fiction (1994),8.9,,http://www.imdb.com/title/tt0081625/usercomments,
12,12.0,1.0,,,"1,524,970",Fight Club (1999),8.8,,http://www.imdb.com/title/tt0089489/usercomments,
13,13.0,1.0,"
Michel Gondry            ",89.0,"751,867",Eternal Sunshine of the Spotless Mind (2004),8.3,"
        Writers:
            
Charlie Kaufman (story),             
            
Michel Gondry (story)            
            |
2 more credits »
    ",http://www.imdb.com/title/tt0159569/usercomments,"
        Stars:
            
Jim Carrey,             
            
Kate Winslet,             
            
Tom Wilkinson            
            |
See full cast & crew »
    "
14,14.0,1.0,,,"1,379,697",The Lord of the Rings: The Fellowship of the Ring (2001),8.8,,http://www.imdb.com/title/tt0025169/usercomments,
15,15.0,1.0,,,"1,029,121",Star Wars: Episode IV - A New Hope (1977),8.7,,http://www.imdb.com/title/tt0120323/usercomments,
16,16.0,1.0,"
Danny Leiner            ",30.0,"123,252","Dude, Where's My Car? (2000)",5.5,"
        Writer:
            
Philip Stark            
    ",http://www.imdb.com/title/tt0149691/usercomments,"
        Stars:
            
Ashton Kutcher,             
            
Seann William Scott,             
            
Jennifer Garner            
            |
See full cast & crew »
    "
17,17.0,1.0,"
Mike Judge            ",68.0,"215,324","35 heures, c'est déjà trop (1999)",7.8,"
        Writers:
            
Mike Judge (Milton animated shorts),             
            
Mike Judge (screenplay)            
    ",http://www.imdb.com/title/tt0423651/usercomments,"
        Stars:
            
Ron Livingston,             
            
Jennifer Aniston,             
            
David Herman            
            |
See full cast & crew »
    "
18,18.0,1.0,"
Danny Leiner            ",30.0,"123,252","Dude, Where's My Car? (2000)",5.5,"
        Writer:
            
Philip Stark            
    ",http://www.imdb.com/title/tt0239496/usercomments,"
        Stars:
            
Ashton Kutcher,             
            
Seann William Scott,             
            
Jennifer Garner            
            |
See full cast & crew »
    "
19,19.0,1.0,,,"1,903,215",The Shawshank Redemption (1994),9.3,,http://www.imdb.com/title/tt0107863/usercomments,
20,20.0,1.0,"
Mike Judge            ",68.0,"215,324","35 heures, c'est déjà trop (1999)",7.8,"
        Writers:
            
Mike Judge (Milton animated shorts),             
            
Mike Judge (screenplay)            
    ",http://www.imdb.com/title/tt0374272/usercomments,"
        Stars:
            
Ron Livingston,             
            
Jennifer Aniston,             
            
David Herman            
            |
See full cast & crew »
    "
21,21.0,1.0,"
Jim Abrahams,             ",78.0,"177,238",Airplane! (1980),7.8,"
        Writers:
            
Jim Abrahams (written for the screen by),             
            
David Zucker (written for the screen by)            
            |
1 more credit »
    ",http://www.imdb.com/title/tt0207046/usercomments,"
        Stars:
            
Robert Hays,             
            
Julie Hagerty,             
            
Leslie Nielsen            
            |
See full cast & crew »
    "
22,22.0,1.0,"
Danny Leiner            ",30.0,"123,252","Dude, Where's My Car? (2000)",5.5,"
        Writer:
            
Philip Stark            
    ",http://www.imdb.com/title/tt0366707/usercomments,"
        Stars:
            
Ashton Kutcher,             
            
Seann William Scott,             
            
Jennifer Garner            
            |
See full cast & crew »
    "
23,23.0,1.0,"
Danny Leiner            ",30.0,"123,252","Dude, Where's My Car? (2000)",5.5,"
        Writer:
            
Philip Stark            
    ",http://www.imdb.com/title/tt0275309/usercomments,"
        Stars:
            
Ashton Kutcher,             
            
Seann William Scott,             
            
Jennifer Garner            
            |
See full cast & crew »
    "
24,24.0,1.0,"
                   759 user                   
                       |
                   116 critic
             ",,"424,292",Lost,8.4,,http://www.imdb.com/title/tt0217916/usercomments,
25,25.0,1.0,,,"323,424",The Wizard of Oz (1939),8.1,,http://www.imdb.com/title/tt0105598/usercomments,
26,26.0,1.0,"
Mike Judge            ",68.0,"215,324","35 heures, c'est déjà trop (1999)",7.8,"
        Writers:
            
Mike Judge (Milton animated shorts),             
            
Mike Judge (screenplay)            
    ",http://www.imdb.com/title/tt0036723/usercomments,"
        Stars:
            
Ron Livingston,             
            
Jennifer Aniston,             
            
David Herman            
            |
See full cast & crew »
    "
27,27.0,1.0,"
Danny Leiner            ",30.0,"123,252","Dude, Where's My Car? (2000)",5.5,"
        Writer:
            
Philip Stark            
    ",http://www.imdb.com/title/tt0104926/usercomments,"
        Stars:
            
Ashton Kutcher,             
            
Seann William Scott,             
            
Jennifer Garner            
            |
See full cast & crew »
    "
28,28.0,1.0,"
Mike Judge            ",68.0,"215,324","35 heures, c'est déjà trop (1999)",7.8,"
        Writers:
            
Mike Judge (Milton animated shorts),             
            
Mike Judge (screenplay)            
    ",http://www.imdb.com/title/tt0398883/usercomments,"
        Stars:
            
Ron Livingston,             
            
Jennifer Aniston,             
            
David Herman            
            |
See full cast & crew »
    "
29,29.0,1.0,"
                   759 user                   
                       |
                   116 critic
             ",,"424,292",Lost,8.4,,http://www.imdb.com/title/tt0445336/usercomments,
30,30.0,1.0,"
                   759 user                   
                       |
                   116 critic
             ",,"424,292",Lost,8.4,,http://www.imdb.com/title/tt0363307/usercomments,
31,31.0,1.0,"
Mike Judge            ",68.0,"215,324","35 heures, c'est déjà trop (1999)",7.8,"
        Writers:
            
Mike Judge (Milton animated shorts),             
            
Mike Judge (screenplay)            
    ",http://www.imdb.com/title/tt0182576/usercomments,"
        Stars:
            
Ron Livingston,             
            
Jennifer Aniston,             
            
David Herman            
            |
See full cast & crew »
    "
32,32.0,1.0,"
Danny Leiner            ",30.0,"123,252","Dude, Where's My Car? (2000)",5.5,"
        Writer:
            
Philip Stark            
    ",http://www.imdb.com/title/tt0063611/usercomments,"
        Stars:
            
Ashton Kutcher,             
            
Seann William Scott,             
            
Jennifer Garner            
            |
See full cast & crew »
    "
33,33.0,1.0,"
Danny Leiner            ",30.0,"123,252","Dude, Where's My Car? (2000)",5.5,"
        Writer:
            
Philip Stark            
    ",http://www.imdb.com/title/tt0956038/usercomments,"
        Stars:
            
Ashton Kutcher,             
            
Seann William Scott,             
            
Jennifer Garner            
            |
See full cast & crew »
    "
34,34.0,1.0,"
                   759 user                   
                       |
                   116 critic
             ",,"424,292",Lost,8.4,,http://www.imdb.com/title/tt0118421/usercomments,
35,35.0,1.0,"
Danny Leiner            ",30.0,"123,252","Dude, Where's My Car? (2000)",5.5,"
        Writer:
            
Philip Stark            
    ",http://www.imdb.com/title/tt0793131/usercomments,"
        Stars:
            
Ashton Kutcher,             
            
Seann William Scott,             
            
Jennifer Garner            
            |
See full cast & crew »
    "
36,36.0,1.0,"
Mike Judge            ",68.0,"215,324","35 heures, c'est déjà trop (1999)",7.8,"
        Writers:
            
Mike Judge (Milton animated shorts),             
            
Mike Judge (screenplay)            
    ",http://www.imdb.com/title/tt0093624/usercomments,"
        Stars:
            
Ron Livingston,             
            
Jennifer Aniston,             
            
David Herman            
            |
See full cast & crew »
    "
37,37.0,1.0,"
Mike Judge            ",68.0,"215,324","35 heures, c'est déjà trop (1999)",7.8,"
        Writers:
            
Mike Judge (Milton animated shorts),             
            
Mike Judge (screenplay)            
    ",http://www.imdb.com/title/tt0179816/usercomments,"
        Stars:
            
Ron Livingston,             
            
Jennifer Aniston,             
            
David Herman            
            |
See full cast & crew »
    "
38,38.0,1.0,"
Danny Leiner            ",30.0,"123,252","Dude, Where's My Car? (2000)",5.5,"
        Writer:
            
Philip Stark            
    ",http://www.imdb.com/title/tt0182766/usercomments,"
        Stars:
            
Ashton Kutcher,             
            
Seann William Scott,             
            
Jennifer Garner            
            |
See full cast & crew »
    "
39,39.0,1.0,"
Mike Judge            ",68.0,"215,324","35 heures, c'est déjà trop (1999)",7.8,"
        Writers:
            
Mike Judge (Milton animated shorts),             
            
Mike Judge (screenplay)            
    ",http://www.imdb.com/title/tt0976014/usercomments,"
        Stars:
            
Ron Livingston,             
            
Jennifer Aniston,             
            
David Herman            
            |
See full cast & crew »
    "
40,40.0,1.0,"
Danny Leiner            ",30.0,"123,252","Dude, Where's My Car? (2000)",5.5,"
        Writer:
            
Philip Stark            
    ",http://www.imdb.com/title/tt0092699/usercomments,"
        Stars:
            
Ashton Kutcher,             
            
Seann William Scott,             
            
Jennifer Garner            
            |
See full cast & crew »
    "
41,41.0,1.0,"
Danny Leiner            ",30.0,"123,252","Dude, Where's My Car? (2000)",5.5,"
        Writer:
            
Philip Stark            
    ",http://www.imdb.com/title/tt0827947/usercomments,"
        Stars:
            
Ashton Kutcher,             
            
Seann William Scott,             
            
Jennifer Garner            
            |
See full cast & crew »
    "
42,42.0,1.0,"
                   759 user                   
                       |
                   116 critic
             ",,"424,292",Lost,8.4,,http://www.imdb.com/title/tt0349903/usercomments,
43,43.0,1.0,"
Danny Leiner            ",30.0,"123,252","Dude, Where's My Car? (2000)",5.5,"
        Writer:
            
Philip Stark            
    ",http://www.imdb.com/title/tt0108915/usercomments,"
        Stars:
            
Ashton Kutcher,             
            
Seann William Scott,             
            
Jennifer Garner            
            |
See full cast & crew »
    "
44,44.0,1.0,"
                   759 user                   
                       |
                   116 critic
             ",,"424,292",Lost,8.4,,http://www.imdb.com/title/tt0209489/usercomments,
45,45.0,1.0,"
Danny Leiner            ",30.0,"123,252","Dude, Where's My Car? (2000)",5.5,"
        Writer:
            
Philip Stark            
    ",http://www.imdb.com/title/tt0081159/usercomments,"
        Stars:
            
Ashton Kutcher,             
            
Seann William Scott,             
            
Jennifer Garner            
            |
See full cast & crew »
    "
46,46.0,1.0,"
                   759 user                   
                       |
                   116 critic
             ",,"424,292",Lost,8.4,,http://www.imdb.com/title/tt0050283/usercomments,
47,47.0,1.0,"
Danny Leiner            ",30.0,"123,252","Dude, Where's My Car? (2000)",5.5,"
        Writer:
            
Philip Stark            
    ",http://www.imdb.com/title/tt0168077/usercomments,"
        Stars:
            
Ashton Kutcher,             
            
Seann William Scott,             
            
Jennifer Garner            
            |
See full cast & crew »
    "
48,48.0,1.0,"
Mike Judge            ",68.0,"215,324","35 heures, c'est déjà trop (1999)",7.8,"
        Writers:
            
Mike Judge (Milton animated shorts),             
            
Mike Judge (screenplay)            
    ",http://www.imdb.com/title/tt0094142/usercomments,"
        Stars:
            
Ron Livingston,             
            
Jennifer Aniston,             
            
David Herman            
            |
See full cast & crew »
    "
49,49.0,1.0,"
Mike Judge            ",68.0,"215,324","35 heures, c'est déjà trop (1999)",7.8,"
        Writers:
            
Mike Judge (Milton animated shorts),             
            
Mike Judge (screenplay)            
    ",http://www.imdb.com/title/tt0069032/usercomments,"
        Stars:
            
Ron Livingston,             
            
Jennifer Aniston,             
            
David Herman            
            |
See full cast & crew »
    "
50,50.0,1.0,"
Mike Judge            ",68.0,"215,324","35 heures, c'est déjà trop (1999)",7.8,"
        Writers:
            
Mike Judge (Milton animated shorts),             
            
Mike Judge (screenplay)            
    ",http://www.imdb.com/title/tt0069994/usercomments,"
        Stars:
            
Ron Livingston,             
            
Jennifer Aniston,             
            
David Herman            
            |
See full cast & crew »
    "
51,51.0,1.0,"
Mike Judge            ",68.0,"215,324","35 heures, c'est déjà trop (1999)",7.8,"
        Writers:
            
Mike Judge (Milton animated shorts),             
            
Mike Judge (screenplay)            
    ",http://www.imdb.com/title/tt0179471/usercomments,"
        Stars:
            
Ron Livingston,             
            
Jennifer Aniston,             
            
David Herman            
            |
See full cast & crew »
    "
52,52.0,1.0,"
                   759 user                   
                       |
                   116 critic
             ",,"424,292",Lost,8.4,,http://www.imdb.com/title/tt0092172/usercomments,
53,53.0,1.0,"
Danny Leiner            ",30.0,"123,252","Dude, Where's My Car? (2000)",5.5,"
        Writer:
            
Philip Stark            
    ",http://www.imdb.com/title/tt0460692/usercomments,"
        Stars:
            
Ashton Kutcher,             
            
Seann William Scott,             
            
Jennifer Garner            
            |
See full cast & crew »
    "
54,54.0,1.0,"
Danny Leiner            ",30.0,"123,252","Dude, Where's My Car? (2000)",5.5,"
        Writer:
            
Philip Stark            
    ",http://www.imdb.com/title/tt0144701/usercomments,"
        Stars:
            
Ashton Kutcher,             
            
Seann William Scott,             
            
Jennifer Garner            
            |
See full cast & crew »
    "
55,55.0,1.0,"
Danny Leiner            ",30.0,"123,252","Dude, Where's My Car? (2000)",5.5,"
        Writer:
            
Philip Stark            
    ",http://www.imdb.com/title/tt0218847/usercomments,"
        Stars:
            
Ashton Kutcher,             
            
Seann William Scott,             
            
Jennifer Garner            
            |
See full cast & crew »
    "
56,56.0,1.0,"
                   759 user                   
                       |
                   116 critic
             ",,"424,292",Lost,8.4,,http://www.imdb.com/title/tt0078341/usercomments,
57,57.0,1.0,"
Mike Judge            ",68.0,"215,324","35 heures, c'est déjà trop (1999)",7.8,"
        Writers:
            
Mike Judge (Milton animated shorts),             
            
Mike Judge (screenplay)            
    ",http://www.imdb.com/title/tt0066963/usercomments,"
        Stars:
            
Ron Livingston,             
            
Jennifer Aniston,             
            
David Herman            
            |
See full cast & crew »
    "
58,58.0,1.0,"
Mike Judge            ",68.0,"215,324","35 heures, c'est déjà trop (1999)",7.8,"
        Writers:
            
Mike Judge (Milton animated shorts),             
            
Mike Judge (screenplay)            
    ",http://www.imdb.com/title/tt0074157/usercomments,"
        Stars:
            
Ron Livingston,             
            
Jennifer Aniston,             
            
David Herman            
            |
See full cast & crew »
    "
59,59.0,1.0,"
                   759 user                   
                       |
                   116 critic
             ",,"424,292",Lost,8.4,,http://www.imdb.com/title/tt0472582/usercomments,
60,60.0,1.0,"
Danny Leiner            ",30.0,"123,252","Dude, Where's My Car? (2000)",5.5,"
        Writer:
            
Philip Stark            
    ",http://www.imdb.com/title/tt0304678/usercomments,"
        Stars:
            
Ashton Kutcher,             
            
Seann William Scott,             
            
Jennifer Garner            
            |
See full cast & crew »
    "
61,61.0,1.0,"
Danny Leiner            ",30.0,"123,252","Dude, Where's My Car? (2000)",5.5,"
        Writer:
            
Philip Stark            
    ",http://www.imdb.com/title/tt0097336/usercomments,"
        Stars:
            
Ashton Kutcher,             
            
Seann William Scott,             
            
Jennifer Garner            
            |
See full cast & crew »
    "
62,62.0,1.0,"
Mike Judge            ",68.0,"215,324","35 heures, c'est déjà trop (1999)",7.8,"
        Writers:
            
Mike Judge (Milton animated shorts),             
            
Mike Judge (screenplay)            
    ",http://www.imdb.com/title/tt0217723/usercomments,"
        Stars:
            
Ron Livingston,             
            
Jennifer Aniston,             
            
David Herman            
            |
See full cast & crew »
    "
63,63.0,1.0,"
Danny Leiner            ",30.0,"123,252","Dude, Where's My Car? (2000)",5.5,"
        Writer:
            
Philip Stark            
    ",http://www.imdb.com/title/tt0067433/usercomments,"
        Stars:
            
Ashton Kutcher,             
            
Seann William Scott,             
            
Jennifer Garner            
            |
See full cast & crew »
    "
64,64.0,1.0,"
Mike Judge            ",68.0,"215,324","35 heures, c'est déjà trop (1999)",7.8,"
        Writers:
            
Mike Judge (Milton animated shorts),             
            
Mike Judge (screenplay)            
    ",http://www.imdb.com/title/tt0064117/usercomments,"
        Stars:
            
Ron Livingston,             
            
Jennifer Aniston,             
            
David Herman            
            |
See full cast & crew »
    "
65,65.0,1.0,"
                   759 user                   
                       |
                   116 critic
             ",,"424,292",Lost,8.4,,http://www.imdb.com/title/tt0046999/usercomments,
66,66.0,1.0,"
Danny Leiner            ",30.0,"123,252","Dude, Where's My Car? (2000)",5.5,"
        Writer:
            
Philip Stark            
    ",http://www.imdb.com/title/tt0843873/usercomments,"
        Stars:
            
Ashton Kutcher,             
            
Seann William Scott,             
            
Jennifer Garner            
            |
See full cast & crew »
    "
67,67.0,1.0,"
Mike Judge            ",68.0,"215,324","35 heures, c'est déjà trop (1999)",7.8,"
        Writers:
            
Mike Judge (Milton animated shorts),             
            
Mike Judge (screenplay)            
    ",http://www.imdb.com/title/tt0025799/usercomments,"
        Stars:
            
Ron Livingston,             
            
Jennifer Aniston,             
            
David Herman            
            |
See full cast & crew »
    "
68,68.0,1.0,"
Mike Judge            ",68.0,"215,324","35 heures, c'est déjà trop (1999)",7.8,"
        Writers:
            
Mike Judge (Milton animated shorts),             
            
Mike Judge (screenplay)            
    ",http://www.imdb.com/title/tt0462600/usercomments,"
        Stars:
            
Ron Livingston,             
            
Jennifer Aniston,             
            
David Herman            
            |
See full cast & crew »
    "
69,69.0,1.0,"
Mike Judge            ",68.0,"215,324","35 heures, c'est déjà trop (1999)",7.8,"
        Writers:
            
Mike Judge (Milton animated shorts),             
            
Mike Judge (screenplay)            
    ",http://www.imdb.com/title/tt0023878/usercomments,"
        Stars:
            
Ron Livingston,             
            
Jennifer Aniston,             
            
David Herman            
            |
See full cast & crew »
    "
70,70.0,1.0,"
                   759 user                   
                       |
                   116 critic
             ",,"424,292",Lost,8.4,,http://www.imdb.com/title/tt0101747/usercomments,
71,71.0,1.0,"
                   759 user                   
                       |
                   116 critic
             ",,"424,292",Lost,8.4,,http://www.imdb.com/title/tt0052619/usercomments,
72,72.0,1.0,"
Mike Judge            ",68.0,"215,324","35 heures, c'est déjà trop (1999)",7.8,"
        Writers:
            
Mike Judge (Milton animated shorts),             
            
Mike Judge (screenplay)            
    ",http://www.imdb.com/title/tt0716925/usercomments,"
        Stars:
            
Ron Livingston,             
            
Jennifer Aniston,             
            
David Herman            
            |
See full cast & crew »
    "
73,73.0,1.0,"
Mike Judge            ",68.0,"215,324","35 heures, c'est déjà trop (1999)",7.8,"
        Writers:
            
Mike Judge (Milton animated shorts),             
            
Mike Judge (screenplay)            
    ",http://www.imdb.com/title/tt0338467/usercomments,"
        Stars:
            
Ron Livingston,             
            
Jennifer Aniston,             
            
David Herman            
            |
See full cast & crew »
    "
74,74.0,1.0,"
Danny Leiner            ",30.0,"123,252","Dude, Where's My Car? (2000)",5.5,"
        Writer:
            
Philip Stark            
    ",http://www.imdb.com/title/tt0078966/usercomments,"
        Stars:
            
Ashton Kutcher,             
            
Seann William Scott,             
            
Jennifer Garner            
            |
See full cast & crew »
    "
75,75.0,1.0,"
Danny Leiner            ",30.0,"123,252","Dude, Where's My Car? (2000)",5.5,"
        Writer:
            
Philip Stark            
    ",http://www.imdb.com/title/tt0048789/usercomments,"
        Stars:
            
Ashton Kutcher,             
            
Seann William Scott,             
            
Jennifer Garner            
            |
See full cast & crew »
    "
76,76.0,1.0,"
Danny Leiner            ",30.0,"123,252","Dude, Where's My Car? (2000)",5.5,"
        Writer:
            
Philip Stark            
    ",http://www.imdb.com/title/tt0075290/usercomments,"
        Stars:
            
Ashton Kutcher,             
            
Seann William Scott,             
            
Jennifer Garner            
            |
See full cast & crew »
    "
77,77.0,1.0,"
Danny Leiner            ",30.0,"123,252","Dude, Where's My Car? (2000)",5.5,"
        Writer:
            
Philip Stark            
    ",http://www.imdb.com/title/tt0066863/usercomments,"
        Stars:
            
Ashton Kutcher,             
            
Seann William Scott,             
            
Jennifer Garner            
            |
See full cast & crew »
    "
78,78.0,1.0,"
Danny Leiner            ",30.0,"123,252","Dude, Where's My Car? (2000)",5.5,"
        Writer:
            
Philip Stark            
    ",http://www.imdb.com/title/tt0329354/usercomments,"
        Stars:
            
Ashton Kutcher,             
            
Seann William Scott,             
            
Jennifer Garner            
            |
See full cast & crew »
    "
79,79.0,1.0,"
                   759 user                   
                       |
                   116 critic
             ",,"424,292",Lost,8.4,,http://www.imdb.com/title/tt0268636/usercomments,
80,80.0,1.0,"
Mike Judge            ",68.0,"215,324","35 heures, c'est déjà trop (1999)",7.8,"
        Writers:
            
Mike Judge (Milton animated shorts),             
            
Mike Judge (screenplay)            
    ",http://www.imdb.com/title/tt0446687/usercomments,"
        Stars:
            
Ron Livingston,             
            
Jennifer Aniston,             
            
David Herman            
            |
See full cast & crew »
    "
81,81.0,1.0,"
Mike Judge            ",68.0,"215,324","35 heures, c'est déjà trop (1999)",7.8,"
        Writers:
            
Mike Judge (Milton animated shorts),             
            
Mike Judge (screenplay)            
    ",http://www.imdb.com/title/tt0159752/usercomments,"
        Stars:
            
Ron Livingston,             
            
Jennifer Aniston,             
            
David Herman            
            |
See full cast & crew »
    "
82,82.0,1.0,"
                   759 user                   
                       |
                   116 critic
             ",,"424,292",Lost,8.4,,http://www.imdb.com/title/tt0253016/usercomments,
83,83.0,1.0,"
Danny Leiner            ",30.0,"123,252","Dude, Where's My Car? (2000)",5.5,"
        Writer:
            
Philip Stark            
    ",http://www.imdb.com/title/tt0122459/usercomments,"
        Stars:
            
Ashton Kutcher,             
            
Seann William Scott,             
            
Jennifer Garner            
            |
See full cast & crew »
    "
84,84.0,1.0,"
Danny Leiner            ",30.0,"123,252","Dude, Where's My Car? (2000)",5.5,"
        Writer:
            
Philip Stark            
    ",http://www.imdb.com/title/tt0094824/usercomments,"
        Stars:
            
Ashton Kutcher,             
            
Seann William Scott,             
            
Jennifer Garner            
            |
See full cast & crew »
    "
85,85.0,1.0,"
Mike Judge            ",68.0,"215,324",Office Space (1999),7.8,"
        Writers:
            
Mike Judge (Milton animated shorts),             
            
Mike Judge (screenplay)            
    ",http://www.imdb.com/title/tt0362129/usercomments,"
        Stars:
            
Ron Livingston,             
            
Jennifer Aniston,             
            
David Herman            
            |
See full cast & crew »
    "
86,86.0,1.0,"
Danny Leiner            ",30.0,"123,252","Dude, Where's My Car? (2000)",5.5,"
        Writer:
            
Philip Stark            
    ",http://www.imdb.com/title/tt0070229/usercomments,"
        Stars:
            
Ashton Kutcher,             
            
Seann William Scott,             
            
Jennifer Garner            
            |
See full cast & crew »
    "
87,87.0,1.0,"
Danny Leiner            ",30.0,"123,252","Dude, Where's My Car? (2000)",5.5,"
        Writer:
            
Philip Stark            
    ",http://www.imdb.com/title/tt0119591/usercomments,"
        Stars:
            
Ashton Kutcher,             
            
Seann William Scott,             
            
Jennifer Garner            
            |
See full cast & crew »
    "
88,88.0,1.0,"
                   759 user                   
                       |
                   116 critic
             ",,"424,292",Lost,8.4,,http://www.imdb.com/title/tt0094933/usercomments,
89,89.0,1.0,"
                   759 user                   
                       |
                   116 critic
             ",,"424,292",Lost,8.4,,http://www.imdb.com/title/tt0051737/usercomments,
90,90.0,1.0,"
Danny Leiner            ",30.0,"123,252","Dude, Where's My Car? (2000)",5.5,"
        Writer:
            
Philip Stark            
    ",http://www.imdb.com/title/tt0045621/usercomments,"
        Stars:
            
Ashton Kutcher,             
            
Seann William Scott,             
            
Jennifer Garner            
            |
See full cast & crew »
    "
91,91.0,1.0,"
Danny Leiner            ",30.0,"123,252","Dude, Where's My Car? (2000)",5.5,"
        Writer:
            
Philip Stark            
    ",http://www.imdb.com/title/tt0122422/usercomments,"
        Stars:
            
Ashton Kutcher,             
            
Seann William Scott,             
            
Jennifer Garner            
            |
See full cast & crew »
    "
92,92.0,1.0,"
Danny Leiner            ",30.0,"123,252","Dude, Where's My Car? (2000)",5.5,"
        Writer:
            
Philip Stark            
    ",http://www.imdb.com/title/tt0046750/usercomments,"
        Stars:
            
Ashton Kutcher,             
            
Seann William Scott,             
            
Jennifer Garner            
            |
See full cast & crew »
    "
93,93.0,1.0,"
Danny Leiner            ",30.0,"123,252","Dude, Where's My Car? (2000)",5.5,"
        Writer:
            
Philip Stark            
    ",http://www.imdb.com/title/tt0165581/usercomments,"
        Stars:
            
Ashton Kutcher,             
            
Seann William Scott,             
            
Jennifer Garner            
            |
See full cast & crew »
    "
94,94.0,1.0,"
                   759 user                   
                       |
                   116 critic
             ",,"424,292",Lost,8.4,,http://www.imdb.com/title/tt0233094/usercomments,
95,95.0,1.0,"
Danny Leiner            ",30.0,"123,252","Dude, Where's My Car? (2000)",5.5,"
        Writer:
            
Philip Stark            
    ",http://www.imdb.com/title/tt0376263/usercomments,"
        Stars:
            
Ashton Kutcher,             
            
Seann William Scott,             
            
Jennifer Garner            
            |
See full cast & crew »
    "
96,96.0,1.0,"
Danny Leiner            ",30.0,"123,252","Dude, Where's My Car? (2000)",5.5,"
        Writer:
            
Philip Stark            
    ",http://www.imdb.com/title/tt0016028/usercomments,"
        Stars:
            
Ashton Kutcher,             
            
Seann William Scott,             
            
Jennifer Garner            
            |
See full cast & crew »
    "
97,97.0,1.0,"
Danny Leiner            ",30.0,"123,252","Dude, Where's My Car? (2000)",5.5,"
        Writer:
            
Philip Stark            
    ",http://www.imdb.com/title/tt0401420/usercomments,"
        Stars:
            
Ashton Kutcher,             
            
Seann William Scott,             
            
Jennifer Garner            
            |
See full cast & crew »
    "
98,98.0,1.0,"
Danny Leiner            ",30.0,"123,252","Dude, Where's My Car? (2000)",5.5,"
        Writer:
            
Philip Stark            
    ",http://www.imdb.com/title/tt0154506/usercomments,"
        Stars:
            
Ashton Kutcher,             
            
Seann William Scott,             
            
Jennifer Garner            
            |
See full cast & crew »
    "
99,99.0,1.0,"
                   759 user                   
                       |
                   116 critic
             ",,"424,292",Lost,8.4,,http://www.imdb.com/title/tt0124621/usercomments,
100,100.0,1.0,"
Danny Leiner            ",30.0,"123,252","Dude, Where's My Car? (2000)",5.5,"
        Writer:
            
Philip Stark            
    ",http://www.imdb.com/title/tt0411265/usercomments,"
        Stars:
            
Ashton Kutcher,             
            
Seann William Scott,             
            
Jennifer Garner            
            |
See full cast & crew »
    "
101,101.0,1.0,"
                   759 user                   
                       |
                   116 critic
             ",,"424,292",Lost,8.4,,http://www.imdb.com/title/tt0006296/usercomments,
102,102.0,1.0,"
Danny Leiner            ",30.0,"123,252","Dude, Where's My Car? (2000)",5.5,"
        Writer:
            
Philip Stark            
    ",http://www.imdb.com/title/tt0363728/usercomments,"
        Stars:
            
Ashton Kutcher,             
            
Seann William Scott,             
            
Jennifer Garner            
            |
See full cast & crew »
    "
103,103.0,1.0,"
Danny Leiner            ",30.0,"123,252","Dude, Where's My Car? (2000)",5.5,"
        Writer:
            
Philip Stark            
    ",http://www.imdb.com/title/tt0120056/usercomments,"
        Stars:
            
Ashton Kutcher,             
            
Seann William Scott,             
            
Jennifer Garner            
            |
See full cast & crew »
    "
104,104.0,1.0,"
Danny Leiner            ",30.0,"123,252","Dude, Where's My Car? (2000)",5.5,"
        Writer:
            
Philip Stark            
    ",http://www.imdb.com/title/tt0071358/usercomments,"
        Stars:
            
Ashton Kutcher,             
            
Seann William Scott,             
            
Jennifer Garner            
            |
See full cast & crew »
    "
105,105.0,1.0,"
                   759 user                   
                       |
                   116 critic
             ",,"424,292",Lost,8.4,,http://www.imdb.com/title/tt0097119/usercomments,
106,106.0,1.0,"
Danny Leiner            ",30.0,"123,252","Dude, Where's My Car? (2000)",5.5,"
        Writer:
            
Philip Stark            
    ",http://www.imdb.com/title/tt0247836/usercomments,"
        Stars:
            
Ashton Kutcher,             
            
Seann William Scott,             
            
Jennifer Garner            
            |
See full cast & crew »
    "
107,107.0,1.0,"
Danny Leiner            ",30.0,"123,252","Dude, Where's My Car? (2000)",5.5,"
        Writer:
            
Philip Stark            
    ",http://www.imdb.com/title/tt0126839/usercomments,"
        Stars:
            
Ashton Kutcher,             
            
Seann William Scott,             
            
Jennifer Garner            
            |
See full cast & crew »
    "
108,108.0,1.0,"
Danny Leiner            ",30.0,"123,252","Dude, Where's My Car? (2000)",5.5,"
        Writer:
            
Philip Stark            
    ",http://www.imdb.com/title/tt0365671/usercomments,"
        Stars:
            
Ashton Kutcher,             
            
Seann William Scott,             
            
Jennifer Garner            
            |
See full cast & crew »
    "
109,109.0,1.0,"
                   759 user                   
                       |
                   116 critic
             ",,"424,292",Lost,8.4,,http://www.imdb.com/title/tt0128086/usercomments,
110,110.0,1.0,"
Danny Leiner            ",30.0,"123,252","Dude, Where's My Car? (2000)",5.5,"
        Writer:
            
Philip Stark            
    ",http://www.imdb.com/title/tt0409878/usercomments,"
        Stars:
            
Ashton Kutcher,             
            
Seann William Scott,             
            
Jennifer Garner            
            |
See full cast & crew »
    "
111,111.0,1.0,"
Danny Leiner            ",30.0,"123,252","Dude, Where's My Car? (2000)",5.5,"
        Writer:
            
Philip Stark            
    ",http://www.imdb.com/title/tt0312493/usercomments,"
        Stars:
            
Ashton Kutcher,             
            
Seann William Scott,             
            
Jennifer Garner            
            |
See full cast & crew »
    "
112,112.0,1.0,"
                   759 user                   
                       |
                   116 critic
             ",,"424,292",Lost,8.4,,http://www.imdb.com/title/tt0043288/usercomments,
113,113.0,1.0,"
Danny Leiner            ",30.0,"123,252","Dude, Where's My Car? (2000)",5.5,"
        Writer:
            
Philip Stark            
    ",http://www.imdb.com/title/tt0734556/usercomments,"
        Stars:
            
Ashton Kutcher,             
            
Seann William Scott,             
            
Jennifer Garner            
            |
See full cast & crew »
    "
114,114.0,1.0,"
Danny Leiner            ",30.0,"123,252","Dude, Where's My Car? (2000)",5.5,"
        Writer:
            
Philip Stark            
    ",http://www.imdb.com/title/tt0712963/usercomments,"
        Stars:
            
Ashton Kutcher,             
            
Seann William Scott,             
            
Jennifer Garner            
            |
See full cast & crew »
    "
115,115.0,1.0,"
Danny Leiner            ",30.0,"123,252","Dude, Where's My Car? (2000)",5.5,"
        Writer:
            
Philip Stark            
    ",http://www.imdb.com/title/tt0052695/usercomments,"
        Stars:
            
Ashton Kutcher,             
            
Seann William Scott,             
            
Jennifer Garner            
            |
See full cast & crew »
    "
116,116.0,1.0,"
Danny Leiner            ",30.0,"123,252","Dude, Where's My Car? (2000)",5.5,"
        Writer:
            
Philip Stark            
    ",http://www.imdb.com/title/tt0384212/usercomments,"
        Stars:
            
Ashton Kutcher,             
            
Seann William Scott,             
            
Jennifer Garner            
            |
See full cast & crew »
    "
117,117.0,1.0,"
                   759 user                   
                       |
                   116 critic
             ",,"424,292",Lost,8.4,,http://www.imdb.com/title/tt0120543/usercomments,
118,118.0,1.0,"
Danny Leiner            ",30.0,"123,252","Dude, Where's My Car? (2000)",5.5,"
        Writer:
            
Philip Stark            
    ",http://www.imdb.com/title/tt0098540/usercomments,"
        Stars:
            
Ashton Kutcher,             
            
Seann William Scott,             
            
Jennifer Garner            
            |
See full cast & crew »
    "
119,119.0,1.0,"
Danny Leiner            ",30.0,"123,252","Dude, Where's My Car? (2000)",5.5,"
        Writer:
            
Philip Stark            
    ",http://www.imdb.com/title/tt0110002/usercomments,"
        Stars:
            
Ashton Kutcher,             
            
Seann William Scott,             
            
Jennifer Garner            
            |
See full cast & crew »
    "
120,120.0,1.0,"
                   759 user                   
                       |
                   116 critic
             ",,"424,292",Lost,8.4,,http://www.imdb.com/title/tt0106366/usercomments,
121,121.0,1.0,"
Danny Leiner            ",30.0,"123,252","Dude, Where's My Car? (2000)",5.5,"
        Writer:
            
Philip Stark            
    ",http://www.imdb.com/title/tt0253122/usercomments,"
        Stars:
            
Ashton Kutcher,             
            
Seann William Scott,             
            
Jennifer Garner            
            |
See full cast & crew »
    "
122,122.0,1.0,"
                   759 user                   
                       |
                   116 critic
             ",,"424,292",Lost,8.4,,http://www.imdb.com/title/tt0107420/usercomments,
123,123.0,1.0,"
Danny Leiner            ",30.0,"123,252","Dude, Where's My Car? (2000)",5.5,"
        Writer:
            
Philip Stark            
    ",http://www.imdb.com/title/tt0183979/usercomments,"
        Stars:
            
Ashton Kutcher,             
            
Seann William Scott,             
            
Jennifer Garner            
            |
See full cast & crew »
    "
124,124.0,1.0,"
Danny Leiner            ",30.0,"123,252","Dude, Where's My Car? (2000)",5.5,"
        Writer:
            
Philip Stark            
    ",http://www.imdb.com/title/tt0120162/usercomments,"
        Stars:
            
Ashton Kutcher,             
            
Seann William Scott,             
            
Jennifer Garner            
            |
See full cast & crew »
    "
125,125.0,1.0,"
Danny Leiner            ",30.0,"123,252","Dude, Where's My Car? (2000)",5.5,"
        Writer:
            
Philip Stark            
    ",http://www.imdb.com/title/tt0094916/usercomments,"
        Stars:
            
Ashton Kutcher,             
            
Seann William Scott,             
            
Jennifer Garner            
            |
See full cast & crew »
    "
126,126.0,1.0,"
Danny Leiner            ",30.0,"123,252","Dude, Where's My Car? (2000)",5.5,"
        Writer:
            
Philip Stark            
    ",http://www.imdb.com/title/tt0248615/usercomments,"
        Stars:
            
Ashton Kutcher,             
            
Seann William Scott,             
            
Jennifer Garner            
            |
See full cast & crew »
    "
127,127.0,1.0,"
Danny Leiner            ",30.0,"123,252","Dude, Where's My Car? (2000)",5.5,"
        Writer:
            
Philip Stark            
    ",http://www.imdb.com/title/tt0443844/usercomments,"
        Stars:
            
Ashton Kutcher,             
            
Seann William Scott,             
            
Jennifer Garner            
            |
See full cast & crew »
    "
128,128.0,1.0,"
                   759 user                   
                       |
                   116 critic
             ",,"424,292",Lost,8.4,,http://www.imdb.com/title/tt0051983/usercomments,
129,129.0,1.0,"
Danny Leiner            ",30.0,"123,252","Dude, Where's My Car? (2000)",5.5,"
        Writer:
            
Philip Stark            
    ",http://www.imdb.com/title/tt0185364/usercomments,"
        Stars:
            
Ashton Kutcher,             
            
Seann William Scott,             
            
Jennifer Garner            
            |
See full cast & crew »
    "
130,130.0,1.0,"
Danny Leiner            ",30.0,"123,252","Dude, Where's My Car? (2000)",5.5,"
        Writer:
            
Philip Stark            
    ",http://www.imdb.com/title/tt0038758/usercomments,"
        Stars:
            
Ashton Kutcher,             
            
Seann William Scott,             
            
Jennifer Garner            
            |
See full cast & crew »
    "
131,131.0,1.0,"
                   759 user                   
                       |
                   116 critic
             ",,"424,292",Lost,8.4,,http://www.imdb.com/title/tt0128889/usercomments,
132,132.0,1.0,"
Danny Leiner            ",30.0,"123,252","Dude, Where's My Car? (2000)",5.5,"
        Writer:
            
Philip Stark            
    ",http://www.imdb.com/title/tt0084085/usercomments,"
        Stars:
            
Ashton Kutcher,             
            
Seann William Scott,             
            
Jennifer Garner            
            |
See full cast & crew »
    "
133,133.0,1.0,"
                   759 user                   
                       |
                   116 critic
             ",,"424,292",Lost,8.4,,http://www.imdb.com/title/tt0112515/usercomments,
134,134.0,1.0,"
                   759 user                   
                       |
                   116 critic
             ",,"424,292",Lost,8.4,,http://www.imdb.com/title/tt0413524/usercomments,
135,135.0,1.0,"
Danny Leiner            ",30.0,"123,252","Dude, Where's My Car? (2000)",5.5,"
        Writer:
            
Philip Stark            
    ",http://www.imdb.com/title/tt0127962/usercomments,"
        Stars:
            
Ashton Kutcher,             
            
Seann William Scott,             
            
Jennifer Garner            
            |
See full cast & crew »
    "
136,136.0,1.0,"
                   759 user                   
                       |
                   116 critic
             ",,"424,292",Lost,8.4,,http://www.imdb.com/title/tt0380201/usercomments,
137,137.0,1.0,"
Danny Leiner            ",30.0,"123,252","Dude, Where's My Car? (2000)",5.5,"
        Writer:
            
Philip Stark            
    ",http://www.imdb.com/title/tt0238588/usercomments,"
        Stars:
            
Ashton Kutcher,             
            
Seann William Scott,             
            
Jennifer Garner            
            |
See full cast & crew »
    "
138,138.0,1.0,"
Danny Leiner            ",30.0,"123,252","Dude, Where's My Car? (2000)",5.5,"
        Writer:
            
Philip Stark            
    ",http://www.imdb.com/title/tt0073970/usercomments,"
        Stars:
            
Ashton Kutcher,             
            
Seann William Scott,             
            
Jennifer Garner            
            |
See full cast & crew »
    "
139,139.0,1.0,"
Danny Leiner            ",30.0,"123,252","Dude, Where's My Car? (2000)",5.5,"
        Writer:
            
Philip Stark            
    ",http://www.imdb.com/title/tt0073078/usercomments,"
        Stars:
            
Ashton Kutcher,             
            
Seann William Scott,             
            
Jennifer Garner            
            |
See full cast & crew »
    "
140,140.0,1.0,"
Danny Leiner            ",30.0,"123,252","Dude, Where's My Car? (2000)",5.5,"
        Writer:
            
Philip Stark            
    ",http://www.imdb.com/title/tt0050243/usercomments,"
        Stars:
            
Ashton Kutcher,             
            
Seann William Scott,             
            
Jennifer Garner            
            |
See full cast & crew »
    "
141,141.0,1.0,"
Danny Leiner            ",30.0,"123,252","Dude, Where's My Car? (2000)",5.5,"
        Writer:
            
Philip Stark            
    ",http://www.imdb.com/title/tt0022788/usercomments,"
        Stars:
            
Ashton Kutcher,             
            
Seann William Scott,             
            
Jennifer Garner            
            |
See full cast & crew »
    "
142,142.0,1.0,"
Danny Leiner            ",30.0,"123,252","Dude, Where's My Car? (2000)",5.5,"
        Writer:
            
Philip Stark            
    ",http://www.imdb.com/title/tt0081366/usercomments,"
        Stars:
            
Ashton Kutcher,             
            
Seann William Scott,             
            
Jennifer Garner            
            |
See full cast & crew »
    "
143,143.0,1.0,"
                   759 user                   
                       |
                   116 critic
             ",,"424,292",Lost,8.4,,http://www.imdb.com/title/tt0044136/usercomments,
144,144.0,1.0,"
Danny Leiner            ",30.0,"123,252","Dude, Where's My Car? (2000)",5.5,"
        Writer:
            
Philip Stark            
    ",http://www.imdb.com/title/tt0119101/usercomments,"
        Stars:
            
Ashton Kutcher,             
            
Seann William Scott,             
            
Jennifer Garner            
            |
See full cast & crew »
    "
145,145.0,1.0,"
                   759 user                   
                       |
                   116 critic
             ",,"424,292",Lost,8.4,,http://www.imdb.com/title/tt0116658/usercomments,
146,146.0,1.0,"
Danny Leiner            ",30.0,"123,252","Dude, Where's My Car? (2000)",5.5,"
        Writer:
            
Philip Stark            
    ",http://www.imdb.com/title/tt0027660/usercomments,"
        Stars:
            
Ashton Kutcher,             
            
Seann William Scott,             
            
Jennifer Garner            
            |
See full cast & crew »
    "
147,147.0,1.0,"
Danny Leiner            ",30.0,"123,252","Dude, Where's My Car? (2000)",5.5,"
        Writer:
            
Philip Stark            
    ",http://www.imdb.com/title/tt0052529/usercomments,"
        Stars:
            
Ashton Kutcher,             
            
Seann William Scott,             
            
Jennifer Garner            
            |
See full cast & crew »
    "
148,148.0,1.0,"
Danny Leiner            ",30.0,"123,252","Dude, Where's My Car? (2000)",5.5,"
        Writer:
            
Philip Stark            
    ",http://www.imdb.com/title/tt0031393/usercomments,"
        Stars:
            
Ashton Kutcher,             
            
Seann William Scott,             
            
Jennifer Garner            
            |
See full cast & crew »
    "
149,149.0,1.0,"
Danny Leiner            ",30.0,"123,252","Dude, Where's My Car? (2000)",5.5,"
        Writer:
            
Philip Stark            
    ",http://www.imdb.com/title/tt0067977/usercomments,"
        Stars:
            
Ashton Kutcher,             
            
Seann William Scott,             
            
Jennifer Garner            
            |
See full cast & crew »
    "
150,150.0,1.0,"
                   759 user                   
                       |
                   116 critic
             ",,"424,292",Lost,8.4,,http://www.imdb.com/title/tt0795363/usercomments,
151,151.0,1.0,"
                   759 user                   
                       |
                   116 critic
             ",,"424,292",Lost,8.4,,http://www.imdb.com/title/tt0394894/usercomments,
152,1.0,,"
                   759 user                   
                       |
                   116 critic
             ",,"424,304",Lost,8.4,,http://www.imdb.com/title/tt0243189/usercomments,
153,1.0,,"
Danny Leiner            ",30.0,"123,255","Dude, Where's My Car? (2000)",5.5,"
        Writer:
            
Philip Stark            
    ",http://www.imdb.com/title/tt0104530/usercomments,"
        Stars:
            
Ashton Kutcher,             
            
Seann William Scott,             
            
Jennifer Garner            
            |
See full cast & crew »
    "
154,1.0,,"
Danny Leiner            ",30.0,"123,255","Dude, Where's My Car? (2000)",5.5,"
        Writer:
            
Philip Stark            
    ",http://www.imdb.com/title/tt0310332/usercomments,"
        Stars:
            
Ashton Kutcher,             
            
Seann William Scott,             
            
Jennifer Garner            
            |
See full cast & crew »
    "
155,1.0,,"
Danny Leiner            ",30.0,"123,255","Dude, Where's My Car? (2000)",5.5,"
        Writer:
            
Philip Stark            
    ",http://www.imdb.com/title/tt0033672/usercomments,"
        Stars:
            
Ashton Kutcher,             
            
Seann William Scott,             
            
Jennifer Garner            
            |
See full cast & crew »
    "
156,1.0,,"
                   759 user                   
                       |
                   116 critic
             ",,"424,304",Lost,8.4,,http://www.imdb.com/title/tt0112906/usercomments,
157,1.0,,"
                   759 user                   
                       |
                   116 critic
             ",,"424,304",Lost,8.4,,http://www.imdb.com/title/tt0107208/usercomments,
158,1.0,,"
                   759 user                   
                       |
                   116 critic
             ",,"424,304",Lost             ,8.4,,http://www.imdb.com/title/tt0117912/usercomments,
